Material,Elastic modulus,Hardening modulus,Softening modulus,Yield strength,Ultimate strength,Characteristic length,Strain at ultimate strength
S235JR,1.65E+11,9.69E+08,-1.44E+09,3.25E+08,4.54E+08,1.60E-06,0.135189427
AH36,2.28E+10,1.12E+09,-1.32E+09,2.94E+08,4.56E+08,1.60E-06,0.157850467
S355,1.61E+11,1189247896,-1561866126,392241379.3,549568965.5,1.60E-06,0.134722222
Copper,1.298E+11,335021054.6,-374551877.7,116860000,252493438.3,1.20E-05,0.405750799
